"deaths","Id"
9523.06884672536,0
9561.7372975244,1
9587.11168268186,2
9615.05633824646,3
9642.87459881123,4
9665.99225453547,5
9688.06534611872,6
9709.66241010051,7
9729.41908428029,8
9748.04968541935,9
9766.04831120508,10
